relative_path,bytes,md5,sha256
Input_files/a_crop.asc,1285531,65f1eb6b10621165d07268602afd56ab,27107434f6e3edcfb61e6763f6bd27f08e9a08e8f84b30eec368d5d5137a164a
Input_files/a_gr_ext.asc,1238492,598cc00373435fc4a1150411bcd65fc1,7791827e2ec4af1a13560bfc7881e6d65e1a00584f538458a645eb52b4909697
Input_files/a_gr_int.asc,1020689,8b46ac14a285b78d6c8b92b80d7abf96,e083dcb3e0179db99d2271f0c1eec1f5a3b5ec3cd6d95f05ad2dc34b840bd926
Input_files/a_nat.asc,1557823,8ebd698666fc81499669a5dca67195af,c9db7c24eff80619940d4c451a81678d9b27dabcd06563628a35a9bc8948a5d8
Input_files/a_tot.asc,1183743,dd59644bc0e50ef48038bd02ab01ac78,84bef1d50378dc53537c211885be59093ba82fb09b5b51821d782835c8ac5c44
Input_files/fgw_rec_ag.asc,2624778,ea1dd9659d0195557ff12f6e1f249740,8217ca829b69d97f845826c30739ed8cfb3cb4db9ea12974f43994cfa2cd8c6f
Input_files/fgw_rec_nat.asc,2624778,ea1dd9659d0195557ff12f6e1f249740,8217ca829b69d97f845826c30739ed8cfb3cb4db9ea12974f43994cfa2cd8c6f
Input_files/gnlct.asc,766951,f3bc95dc7ff61f33765e7740e47a115c,733c9d14463a28d5bde2b30b21bd090e287f842af37900968cc889ec80e44493
Input_files/image_region28.asc,1710210,c3ebe4521930d6bc05a7f0314608e024,e80e6de8682366d52475a3d9955cfd4c9dea16ed616c3f3598374fe578b4bd96
Input_files/n_fe_eff_crop.asc,2237268,c1c584d71de01c7f95c568f781a37b1c,6a18b1cb59d672efd79a693256b6bc21f23dcf9c6551f1e8fb90ffc43da92346
Input_files/n_fe_eff_grass.asc,1853540,4b89f7e68652c6c4c97d1999afe7c05f,d9a158262d213865cb05821c2429f6e5a373924b23e7f706c92dd03a683318b9
Input_files/n_man_eff_crops.asc,2194720,7aff7dcb3f7f0c8a561b20bd4fef6b81,d78fd795727fffd84ff034267f64dfef620f986c533bfd865ca93ec343f63e51
Input_files/n_man_eff_grass_ext.asc,2163340,31621aefa13a415f6d8c931e1e815da6,263e883cf816a90314b9e94b61a5236a17e5185409ee6339774925ebe0dfbc18
Input_files/n_man_eff_grass_int.asc,1983958,05344ca74e29e385d57bd204d77b45f9,a0536fec6f18784e555107570944e7289e939587a5c4da051573c068a7910d02
Input_files/n_up_crops.asc,1974648,4e4092660da319a6e4025438f69ff6ca,a8c2583ffe310be98b4a63159c5d85271d353842e21a7ee5ab2c4b8dc11a10cc
Input_files/n_up_grass_ext.asc,1954103,eafbb4b82ebbb88b68c0d0743462a1f6,5098bdfe3d60b98425a93dce6434a0be33cd08e5ffadcc3bcff8a0af610b3b64
Input_files/n_up_grass_int.asc,1877531,14d36698a959f99e1a5673aa5ad6aaaf,572e9d534b781ce40296e5e04b81af9d2ec2731caa1fa5c937e53cc05665b4e8
Input_files/nallo.asc,1783929,6489e9f72b257535dc6ea21fc4387b43,1c0bd67e406d7da1215e1af11b7085d2a8665e68647a3735397703e817bbcd03
Input_files/naqua.asc,1103590,8286e6f2fde726402cd11361cdaf83bc,ef75dc162b0ac831dedb2629dcb9e61bef9f96f03112bb949bf4e76db164c6ed
Input_files/ndep.asc,2000690,4c08e381aa1e7d232d80486f6ec43625,715e87fe44b26b4fdbd21b760bca23c7902e2638a54c46fd2838b19e12c22039
Input_files/ndep_sw.asc,1477517,740ff958515d156ad97346a6a6ea6931,06353277759e8552e992436841b32c7bafe787cdfa887ff677afb76aead154d1
Input_files/nero_ag.asc,1686524,d6dc31e9e224fb3ae5c1023054989cbd,6bbeb628d8551d6d9d73b88999c9690370dee42d35c2e3a3b30c4a0446da3cbc
Input_files/nero_nat.asc,1477458,206ad724ea22b2a8665af53cb7739c05,229783e628d8ce1eabc7a1ef2cf871eaae05191fc31dba9167c92e22b3cdeff2
Input_files/nfix_crop.asc,2394741,9b0e3f5bbdc07753d19059ddfdc052fa,61156164697b13cd6676020d964ea6e423cfde7f26312f9ccc68d132e3929ff0
Input_files/nfix_grass_ext.asc,1620429,1515d96bf1e5de0b0229f2e418eeff76,d718518ad316d1f7ff9c8a79055934d7c47cf282db7220072a2919b802224e9c
Input_files/nfix_grass_int.asc,1402979,0dfc4e213cf21ae794873d98ee1208b6,8da0b50be156548ddfaa332ebec1f909462ee86354b8382a49ba9876da335c9e
Input_files/nfix_nat.asc,2127169,c46dc0d801756c06db6a4ebb9dbce319,811919dda32f2261d3397c73cc7a2f15d25496f17266c8afc36e32f00e631dab
Input_files/ngw_ag.asc,2206815,688c0c2be0f4b158238151966da5a0d9,04927c30e34ba86766346a71aa8f84e92797b35f98b46b45c1f0447325c34f9b
Input_files/ngw_nat.asc,2353683,755406dcd3e82bf8919ea9eefa4a91cd,0764b33d98576691cabb524c9d8d0e684f5d6e12d7f026b9bb4d17cf2808cad9
Input_files/nh3_graz_ext.asc,2164210,2b8c1524a3cd770c526a161bbc442c23,9abffab8df92249ce45bf8705cc5aa87a5af114896bb30c7971a773c61c47a45
Input_files/nh3_graz_int.asc,1984389,35b47631c4ce768e2c0468a224486a8c,0ce3974f2de63fa27ae7f5770a3774057465f88636a9f15153660fa970e160c5
Input_files/nh3_spread_fe_crops.asc,2231500,58ebc88a86fd08ff77f1621332e7a4e6,56b15310427d05b97104f777a14e5bbcbfe20cfc3c9bc940f7aa0a81c2e2c2bd
Input_files/nh3_spread_fe_grass_ext.asc,1808799,3b367c60f2901f2cf1aa2f7b743ac800,0e8e63a316289e444573a4b84f71f45ddbe1a557a16a9216aac0c64e0edd98f4
Input_files/nh3_spread_fe_grass_int.asc,1853527,6364f140cd737b83973a3b036cc7ed38,91223647c60e5948ae362ff6bb80267558ea62e8c8a53c76159b5cacd17cf185
Input_files/nh3_spread_man_crops.asc,2194958,b2499716154ec9a8f5237a2175ee7d7f,da48826f7c29223d5a46ba2f356fb480b94006a747da4053c67fbe40f3fb01e4
Input_files/nh3_spread_man_grass_ext.asc,2131863,46a67c63fcf7f2134dcf37bd06036953,76730281e5c4d5396fc0ccd0005baa0db9dff1193fa5be0a802425fbaf1338da
Input_files/nh3_spread_man_grass_int.asc,1984659,a49688ef26ce4ac15fafbf3da351849c,7eb5fbf4897785def067531a157646e6bf206e260b05f8f3392270c56b62ced4
Input_files/nh3_stor.asc,2312556,4d522a5abab21ae0160e785b40eb1c4d,803ef5d004c8d2edb28a7002791689259930a6e9484dab51b06428161ece05f3
Input_files/nle_ag.asc,1576883,ab441967e61b2174e84ea1c57288282b,5898b616a132879ac1516711d4188005fe5933b19f3e2156aaa13fd7fb4852a6
Input_files/nle_nat.asc,1278886,f2042250e896e70da394100bdbb6ebea,7363f65e2709a7f82034ae4d359327da980ef0f0d7b2a1ca5c7b3803b57ca97a
Input_files/nsro_ag.asc,1676551,cd849381608e5f27b49a6dca70863981,4dc5261d3955add442e10a953a795cd12f41eb2bfcf045fe687fee019a0b012b
Input_files/nsro_nat.asc,1330143,c79194cd772f5276dfa48507a2bd6027,8d33da3e1de2aac49a90358bd8a2b60137bf982b428153b6464ef9adb228c405
Input_files/nww.asc,1958314,32415a00f40f7a2eee31c45a84c08f2c,74f1863c363487b0bb66b651666fb3f266c861c309a6baae22a1cb938e1e0da4
Input_files/q.asc,2635264,661728295ec8b54cfae56602cbff235e,0ffdef1bca58edd96fa446ea602dc4a7fd1d9fd12fa5005fd926396f5894e164
Output_files/Critical N inputs/nin_crit_de_all_ph.asc,1597299,a04acb7d8228a6049bca5cb88ff8e579,5c3dfad282ba3062ed7050241fed16601e80883ab3ec59f308a9af5b6c62b50c
Output_files/Critical N inputs/nin_crit_de_ara_ph.asc,1597652,006fe30b9d730f3968366837f6998da9,05e4a2383b55c49c8cb342c2987c05b96d10a29cd65c3d26e4d5d2dc46c4a62a
Output_files/Critical N inputs/nin_crit_de_igl_ph.asc,1572968,4f34e25aef8d29030ab3c489dc253424,19d0ab5f2c46cef6480f8bd99892a97fbe50cf7c0ad91efecb82ed1f927f8221
Output_files/Critical N inputs/nin_crit_gw_all_ph.asc,1594064,82cb97108ba1005487303211e6f8485e,069ca6f0cba87955e161b0d7eb79b0a2497f6d4d2a291032272fb2548a60f881
Output_files/Critical N inputs/nin_crit_gw_ara_ph.asc,1593635,9c570395fbafd140fe04698a4eab797a,f7cbac354bd8052e64d3334caaadc673029e910911014dd3463b45b601f509fc
Output_files/Critical N inputs/nin_crit_gw_igl_ph.asc,1572520,76a88d47034f49c4e553bbe2eb86b27f,43b95f2de412aadf888c87b5949439bc289c2ee7728f8bb7a5b3891d00848953
Output_files/Critical N inputs/nin_crit_mi_all_ph.asc,1588134,58d3041ed438de52ed2d91128feca30f,2183e8500af441253d6801cebebce53634fc9f17ff942d4919de24025b89a431
Output_files/Critical N inputs/nin_crit_mi_ara_ph.asc,1588483,cd83a8d2535dbaa1bb9120b204897db6,f9ecaa67857399588ca9c3a67868806fa4d3493acd2eee3d4f914b8bd9aa175f
Output_files/Critical N inputs/nin_crit_mi_igl_ph.asc,1567245,a55f9398efc0643b9e495d2e39250d50,703ad3ed64eecb1976112c71334dc37e25507ae6bea686577b7f0a68f3cd5f89
Output_files/Critical N inputs/nin_crit_sw_all_ph.asc,1593022,3e78c6e313e92b5bd93a16763e679016,c28538a441730cba3e12a787619a3058cb16ea4a51f2fe69e0176e7d25e96de7
Output_files/Critical N inputs/nin_crit_sw_ara_ph.asc,1593434,079fde78546aaa90b6f5164c0bed3e82,c3c256588fb76dc13cdc7189f4ce78272e0549cab7e5739e23a40d066f9d188b
Output_files/Critical N inputs/nin_crit_sw_igl_ph.asc,1568987,217e283f2eee08d69a1cb56a2036acce,b6fa57b40588ea78ab9906be2363021ab0ba00b68fe40498cb700b18643a7dd7
Output_files/Critical N surpluses/nsur_crit_de_all_ph.asc,1586102,3c649b7e3de4b8f635153577e9b92899,a2d534014f6923d9528bb74550a87abd091ad0a03533e65e87731132f57b747e
Output_files/Critical N surpluses/nsur_crit_de_ara_ph.asc,1587633,dc747c5377cba45e2edf42355bfe1152,23c32ef3d07df50c250a8e1d52a72bebd09d4db2419cc873e490789f0b6fa9db
Output_files/Critical N surpluses/nsur_crit_de_igl_ph.asc,1567142,2983064ec86f41916a6df4126355c30c,c94c2e5d960c06a9e69c9bb47a80e8a7e64edf04d5a28e5834ce01250c137afb
Output_files/Critical N surpluses/nsur_crit_gw_all_ph.asc,1582653,32ad8d295671019d8205f8b6ce40d8d9,02ed92330d78d6376cc529ae5c985698cf12e7b4647b8899e3a06031deebe0eb
Output_files/Critical N surpluses/nsur_crit_gw_ara_ph.asc,1583540,6b9eeb4b0d0eae28d4c042ae34a086ed,23e0cdb90816ff18d3ea77a6109ea1a786525d172ddcbf4e9a9073ed49de94c2
Output_files/Critical N surpluses/nsur_crit_gw_igl_ph.asc,1566872,a2f8fa3c8c2f8a67d6a4771f088afe1d,64fffdf5b79ff1d41a46811fc0836ff5347afac3168bd184657debcdb31f8e56
Output_files/Critical N surpluses/nsur_crit_mi_all_ph.asc,1577804,3b84597e1596a3d4f549dceebf5ebdff,ef93cd18d44cc24125bb32d960eb69912ec51be9fc0c75e7feb93f53d705bc64
Output_files/Critical N surpluses/nsur_crit_mi_ara_ph.asc,1578798,f6aec90c0bac23e54e900b65a75718ea,e722cc4dd2effa8dcf02a93de94609cf9f6b47bf7e29e9dc63824a70b0d83eba
Output_files/Critical N surpluses/nsur_crit_mi_igl_ph.asc,1562580,c4c6552ec678a5edae9e68ed5af18de4,fbb7c02bb61aa89168df1df4d262d266e1d23ad6bc62d55b5c75bf6db4bb4d42
Output_files/Critical N surpluses/nsur_crit_sw_all_ph.asc,1580360,f2890dc8558e63a9c9f2a5753fedb23e,d3763f132ff6b37491f64e85edb5da9962fad91a47b4a593c46ed814581ba2e0
Output_files/Critical N surpluses/nsur_crit_sw_ara_ph.asc,1581688,2277e768a4cd802a7f3fc986e55685e0,8623b2338f12f3d7e3e27bf35a1e170c70bdf78283ee2dc2ddb99a8b54e848bf
Output_files/Critical N surpluses/nsur_crit_sw_igl_ph.asc,1563792,d420c0775fe48311d620fa46e13a26a4,14c1b40bf1b8081152d6708c32a41800f911544f6a07f2180c8f682acf483a33
