item_prod_code,item_prod_name,spam_crop,spam_basis,lpjml_cft,lpjml_basis,rationale
15,Wheat,whea,direct,temperate_cereals,direct_aggregate,LPJmL: cft_mapping (LandInG) classes it in LPJmL's multi-crop 'temperate_cereals' CFT.
27,Rice,rice,direct,rice,direct,
44,Barley,barl,direct,temperate_cereals,direct_aggregate,LPJmL: cft_mapping (LandInG) classes it in LPJmL's multi-crop 'temperate_cereals' CFT.
56,Maize (corn),maiz,direct,maize,direct,
71,Rye,ocer,direct_aggregate,temperate_cereals,direct_aggregate,SPAM: Listed under SPAM2010 aggregate 'ocer' in Table S3. LPJmL: cft_mapping (LandInG) classes it in LPJmL's multi-crop 'temperate_cereals' CFT.
75,Oats,ocer,direct_aggregate,temperate_cereals,direct_aggregate,SPAM: Listed under SPAM2010 aggregate 'ocer' in Table S3. LPJmL: cft_mapping (LandInG) classes it in LPJmL's multi-crop 'temperate_cereals' CFT.
79,Millet,pmil+smil,direct,tropical_cereals,direct_aggregate,SPAM: SPAM2010 splits FAO millet into pearl and small millet by national shares (Table S3 note b); pool both (sum area and production per regime) to recover the FAO item. LPJmL: cft_mapping (LandInG) classes it in LPJmL's multi-crop 'tropical_cereals' CFT.
83,Sorghum,sorg,direct,tropical_cereals,direct_aggregate,LPJmL: cft_mapping (LandInG) classes it in LPJmL's multi-crop 'tropical_cereals' CFT.
89,Buckwheat,ocer,direct_aggregate,temperate_cereals,direct_aggregate,SPAM: Listed under SPAM2010 aggregate 'ocer' in Table S3. LPJmL: cft_mapping (LandInG) classes it in LPJmL's multi-crop 'temperate_cereals' CFT.
92,Quinoa,ocer,direct_aggregate,temperate_cereals,direct_aggregate,SPAM: Listed under SPAM2010 aggregate 'ocer' in Table S3. LPJmL: cft_mapping (LandInG) classes it in LPJmL's multi-crop 'temperate_cereals' CFT.
94,Fonio,ocer,direct_aggregate,tropical_cereals,direct_aggregate,SPAM: Listed under SPAM2010 aggregate 'ocer' in Table S3. LPJmL: cft_mapping (LandInG) classes it in LPJmL's multi-crop 'tropical_cereals' CFT.
97,Triticale,ocer,direct_aggregate,temperate_cereals,direct_aggregate,SPAM: Listed under SPAM2010 aggregate 'ocer' in Table S3. LPJmL: cft_mapping (LandInG) classes it in LPJmL's multi-crop 'temperate_cereals' CFT.
101,Canary seed,ocer,direct_aggregate,temperate_cereals,direct_aggregate,SPAM: Listed under SPAM2010 aggregate 'ocer' in Table S3. LPJmL: cft_mapping (LandInG) classes it in LPJmL's multi-crop 'temperate_cereals' CFT.
103,Mixed grain,ocer,direct_aggregate,temperate_cereals,direct_aggregate,SPAM: Listed under SPAM2010 aggregate 'ocer' in Table S3. LPJmL: cft_mapping (LandInG) classes it in LPJmL's multi-crop 'temperate_cereals' CFT.
108,Cereals n.e.c.,ocer,direct_aggregate,temperate_cereals,direct_aggregate,SPAM: Listed under SPAM2010 aggregate 'ocer' in Table S3. LPJmL: cft_mapping (LandInG) classes it in LPJmL's multi-crop 'temperate_cereals' CFT.
116,Potatoes,pota,direct,temperate_roots,direct_aggregate,LPJmL: cft_mapping (LandInG) classes it in LPJmL's multi-crop 'temperate_roots' CFT.
122,Sweet potatoes,swpo,direct,tropical_roots,direct_aggregate,LPJmL: cft_mapping (LandInG) classes it in LPJmL's multi-crop 'tropical_roots' CFT.
125,"Cassava, fresh",cass,direct,tropical_roots,direct_aggregate,LPJmL: cft_mapping (LandInG) classes it in LPJmL's multi-crop 'tropical_roots' CFT.
135,Yautia,orts,direct_aggregate,tropical_roots,direct_aggregate,SPAM: Listed under SPAM2010 aggregate 'orts' in Table S3. LPJmL: cft_mapping (LandInG) classes it in LPJmL's multi-crop 'tropical_roots' CFT.
136,Taro,orts,direct_aggregate,tropical_roots,direct_aggregate,SPAM: Listed under SPAM2010 aggregate 'orts' in Table S3. LPJmL: cft_mapping (LandInG) classes it in LPJmL's multi-crop 'tropical_roots' CFT.
137,Yams,yams,direct,tropical_roots,direct_aggregate,LPJmL: cft_mapping (LandInG) classes it in LPJmL's multi-crop 'tropical_roots' CFT.
149,"Edible roots and tubers with high starch or inulin content, n.e.c., fresh",orts,direct_aggregate,tropical_roots,group_proxy,"SPAM: Listed under SPAM2010 aggregate 'orts' in Table S3. LPJmL: Not in cft_mapping; roots and tubers n.e.c. sit with yautia and taro (135, 136) on tropical roots."
156,Sugar cane,sugc,direct,sugarcane,direct,
157,Sugar beet,sugb,direct,temperate_roots,direct_aggregate,LPJmL: cft_mapping (LandInG) classes it in LPJmL's multi-crop 'temperate_roots' CFT.
161,Other sugar crops n.e.c.,rest,direct_aggregate,others,group_proxy,"SPAM: Listed under SPAM2010 aggregate 'rest' in Table S3. LPJmL: Not in cft_mapping; other sugar crops have no LPJmL CFT, so the others stand stands in."
176,"Beans, dry",bean,direct,pulses,direct_aggregate,LPJmL: cft_mapping (LandInG) classes it in LPJmL's multi-crop 'pulses' CFT.
181,"Broad beans and horse beans, dry",opul,direct_aggregate,pulses,direct_aggregate,SPAM: Listed under SPAM2010 aggregate 'opul' in Table S3. LPJmL: cft_mapping (LandInG) classes it in LPJmL's multi-crop 'pulses' CFT.
187,"Peas, dry",opul,direct_aggregate,pulses,direct_aggregate,SPAM: Listed under SPAM2010 aggregate 'opul' in Table S3. LPJmL: cft_mapping (LandInG) classes it in LPJmL's multi-crop 'pulses' CFT.
191,"Chick peas, dry",chic,direct,pulses,direct_aggregate,LPJmL: cft_mapping (LandInG) classes it in LPJmL's multi-crop 'pulses' CFT.
195,"Cow peas, dry",cowp,direct,pulses,direct_aggregate,LPJmL: cft_mapping (LandInG) classes it in LPJmL's multi-crop 'pulses' CFT.
197,"Pigeon peas, dry",pige,direct,pulses,direct_aggregate,LPJmL: cft_mapping (LandInG) classes it in LPJmL's multi-crop 'pulses' CFT.
201,"Lentils, dry",lent,direct,pulses,direct_aggregate,LPJmL: cft_mapping (LandInG) classes it in LPJmL's multi-crop 'pulses' CFT.
203,"Bambara beans, dry",opul,direct_aggregate,pulses,direct_aggregate,SPAM: Listed under SPAM2010 aggregate 'opul' in Table S3. LPJmL: cft_mapping (LandInG) classes it in LPJmL's multi-crop 'pulses' CFT.
205,Vetches,opul,direct_aggregate,pulses,direct_aggregate,SPAM: Listed under SPAM2010 aggregate 'opul' in Table S3. LPJmL: cft_mapping (LandInG) classes it in LPJmL's multi-crop 'pulses' CFT.
210,Lupins,opul,direct_aggregate,pulses,direct_aggregate,SPAM: Listed under SPAM2010 aggregate 'opul' in Table S3. LPJmL: cft_mapping (LandInG) classes it in LPJmL's multi-crop 'pulses' CFT.
211,Other pulses n.e.c.,opul,direct_aggregate,pulses,direct_aggregate,SPAM: Listed under SPAM2010 aggregate 'opul' in Table S3. LPJmL: cft_mapping (LandInG) classes it in LPJmL's multi-crop 'pulses' CFT.
216,"Brazil nuts, in shell",rest,direct_aggregate,others,group_proxy,SPAM: Listed under SPAM2010 aggregate 'rest' in Table S3. LPJmL: LPJmL has no CFT for this crop; cft_mapping (LandInG) puts it on the generic others stand.
217,"Cashew nuts, in shell",rest,direct_aggregate,others,group_proxy,SPAM: Listed under SPAM2010 aggregate 'rest' in Table S3. LPJmL: LPJmL has no CFT for this crop; cft_mapping (LandInG) puts it on the generic others stand.
220,"Chestnuts, in shell",rest,direct_aggregate,others,group_proxy,SPAM: Listed under SPAM2010 aggregate 'rest' in Table S3. LPJmL: LPJmL has no CFT for this crop; cft_mapping (LandInG) puts it on the generic others stand.
221,"Almonds, in shell",rest,direct_aggregate,others,group_proxy,SPAM: Listed under SPAM2010 aggregate 'rest' in Table S3. LPJmL: LPJmL has no CFT for this crop; cft_mapping (LandInG) puts it on the generic others stand.
222,"Walnuts, in shell",rest,direct_aggregate,others,group_proxy,SPAM: Listed under SPAM2010 aggregate 'rest' in Table S3. LPJmL: LPJmL has no CFT for this crop; cft_mapping (LandInG) puts it on the generic others stand.
223,"Pistachios, in shell",rest,direct_aggregate,others,group_proxy,SPAM: Listed under SPAM2010 aggregate 'rest' in Table S3. LPJmL: LPJmL has no CFT for this crop; cft_mapping (LandInG) puts it on the generic others stand.
224,Kola nuts,rest,direct_aggregate,others,group_proxy,SPAM: Listed under SPAM2010 aggregate 'rest' in Table S3. LPJmL: LPJmL has no CFT for this crop; cft_mapping (LandInG) puts it on the generic others stand.
225,"Hazelnuts, in shell",rest,direct_aggregate,others,group_proxy,SPAM: Listed under SPAM2010 aggregate 'rest' in Table S3. LPJmL: LPJmL has no CFT for this crop; cft_mapping (LandInG) puts it on the generic others stand.
226,Areca nuts,rest,direct_aggregate,others,group_proxy,SPAM: Listed under SPAM2010 aggregate 'rest' in Table S3. LPJmL: LPJmL has no CFT for this crop; cft_mapping (LandInG) puts it on the generic others stand.
234,"Other nuts (excluding wild edible nuts and groundnuts), in shell, n.e.c.",rest,direct_aggregate,others,group_proxy,SPAM: Listed under SPAM2010 aggregate 'rest' in Table S3. LPJmL: LPJmL has no CFT for this crop; cft_mapping (LandInG) puts it on the generic others stand.
236,Soya beans,soyb,direct,oil_crops_soybean,direct,
242,"Groundnuts, excluding shelled",grou,direct,oil_crops_groundnut,direct,
248,Coconuts,cnut,direct,others,group_proxy,"SPAM: WHEP carries coconut harvested area on 248 (Coconuts); SPAM's cnut is FAO 249, the same crop. LPJmL: cft_mapping (LandInG) puts coconut on LPJmL's others stand, which carries no coconut-specific response."
249,"Coconuts, in shell",cnut,direct,others,group_proxy,"LPJmL: LPJmL has no CFT for this crop; cft_mapping (LandInG) puts Coconuts (248), where WHEP books its area, on the generic others stand."
254,Oil palm fruit,oilp,direct,others,group_proxy,LPJmL: LPJmL has no CFT for this crop; cft_mapping (LandInG) puts it on the generic others stand.
256,Palm kernels,oilp,direct,others,group_proxy,"SPAM: Co-product of oil palm fruit (254); carries no harvested area of its own, mapped so a lookup never misses. LPJmL: Not in cft_mapping; co-product of oil palm fruit (254), which is on LPJmL's others stand."
257,Palm oil,oilp,direct,others,group_proxy,"SPAM: Co-product of oil palm fruit (254); carries no harvested area of its own, mapped so a lookup never misses. LPJmL: Not in cft_mapping; co-product of oil palm fruit (254), which is on LPJmL's others stand."
260,Olives,ooil,direct_aggregate,others,group_proxy,SPAM: Listed under SPAM2010 aggregate 'ooil' in Table S3. LPJmL: LPJmL has no CFT for this crop; cft_mapping (LandInG) puts it on the generic others stand.
263,Karite nuts (sheanuts),ooil,direct_aggregate,others,group_proxy,SPAM: Listed under SPAM2010 aggregate 'ooil' in Table S3. LPJmL: LPJmL has no CFT for this crop; cft_mapping (LandInG) puts it on the generic others stand.
265,Castor oil seeds,ooil,direct_aggregate,others,group_proxy,SPAM: Listed under SPAM2010 aggregate 'ooil' in Table S3. LPJmL: LPJmL has no CFT for this crop; cft_mapping (LandInG) puts it on the generic others stand.
267,Sunflower seed,sunf,direct,oil_crops_sunflower,direct,
270,Rape or colza seed,rape,direct,oil_crops_rapeseed,direct,
275,Tung nuts,ooil,direct_aggregate,others,group_proxy,SPAM: Listed under SPAM2010 aggregate 'ooil' in Table S3. LPJmL: LPJmL has no CFT for this crop; cft_mapping (LandInG) puts it on the generic others stand.
277,Jojoba seeds,ooil,group_proxy,others,group_proxy,"SPAM: Not in SPAM2010 Table S3; jojoba is an FAO oilcrop n.e.c., so SPAM's other-oil-crops aggregate stands in. LPJmL: LPJmL has no CFT for this crop; cft_mapping (LandInG) puts it on the generic others stand."
280,Safflower seed,ooil,direct_aggregate,others,group_proxy,SPAM: Listed under SPAM2010 aggregate 'ooil' in Table S3. LPJmL: LPJmL has no CFT for this crop; cft_mapping (LandInG) puts it on the generic others stand.
289,Sesame seed,sesa,direct,others,group_proxy,LPJmL: LPJmL has no CFT for this crop; cft_mapping (LandInG) puts it on the generic others stand.
292,Mustard seed,rape,direct_aggregate,oil_crops_rapeseed,direct_aggregate,SPAM: Listed under SPAM2010 aggregate 'rape' in Table S3. LPJmL: cft_mapping (LandInG) classes it in LPJmL's multi-crop 'oil_crops_rapeseed' CFT.
296,Poppy seed,ooil,direct_aggregate,others,group_proxy,SPAM: Listed under SPAM2010 aggregate 'ooil' in Table S3. LPJmL: LPJmL has no CFT for this crop; cft_mapping (LandInG) puts it on the generic others stand.
299,Melonseed,ooil,direct_aggregate,others,group_proxy,SPAM: Listed under SPAM2010 aggregate 'ooil' in Table S3. LPJmL: LPJmL has no CFT for this crop; cft_mapping (LandInG) puts it on the generic others stand.
305,Tallowtree seed,ooil,group_proxy,others,group_proxy,"SPAM: Not in SPAM2010 Table S3; tallowtree seed is an FAO oilcrop n.e.c., so SPAM's other-oil-crops aggregate stands in. LPJmL: LPJmL has no CFT for this crop; cft_mapping (LandInG) puts it on the generic others stand."
310,Kapok fruit,rest,group_proxy,others,group_proxy,"SPAM: SPAM2010 ignores kapok (ReadMe_v2r0_Global.txt: 'Kapok has been ignored'); kapok is a tropical tree crop, so SPAM's rest-of-crops aggregate (tree nuts, rubber, spices) stands in. LPJmL: kapok has no LPJmL CFT; cft_mapping (LandInG) puts kapok fruit on the others stand."
311,Kapokseed in shell,rest,group_proxy,others,group_proxy,"SPAM: SPAM2010 ignores kapok (ReadMe_v2r0_Global.txt); same stand-in as kapok fruit (310). LPJmL: Not in cft_mapping; kapok has no LPJmL CFT, so the others stand stands in."
328,"Seed cotton, unginned",cott,direct,others,group_proxy,LPJmL: LPJmL has no CFT for this crop; cft_mapping (LandInG) puts it on the generic others stand.
329,Cotton seed,cott,direct,others,group_proxy,"SPAM: Co-product of seed cotton (328); carries no harvested area of its own, mapped so a lookup never misses. LPJmL: Not in cft_mapping; co-product of seed cotton (328), which is on LPJmL's others stand."
333,Linseed,ooil,direct_aggregate,others,group_proxy,"SPAM: Listed under SPAM2010 aggregate 'ooil' in Table S3. LPJmL: LPJmL has no CFT for this crop; cft_mapping (LandInG) puts Linum (772), where WHEP books its area, on the generic others stand."
336,Hempseed,ooil,direct_aggregate,others,group_proxy,"SPAM: Listed under SPAM2010 aggregate 'ooil' in Table S3. LPJmL: LPJmL has no CFT for this crop; cft_mapping (LandInG) puts Hemp (776), where WHEP books its area, on the generic others stand."
339,"Other oil seeds, n.e.c.",ooil,direct_aggregate,others,group_proxy,SPAM: Listed under SPAM2010 aggregate 'ooil' in Table S3. LPJmL: LPJmL has no CFT for this crop; cft_mapping (LandInG) puts it on the generic others stand.
358,Cabbages,vege,direct_aggregate,others,group_proxy,SPAM: Listed under SPAM2010 aggregate 'vege' in Table S3. LPJmL: LPJmL has no CFT for this crop; cft_mapping (LandInG) puts it on the generic others stand.
366,Artichokes,vege,direct_aggregate,others,group_proxy,SPAM: Listed under SPAM2010 aggregate 'vege' in Table S3. LPJmL: LPJmL has no CFT for this crop; cft_mapping (LandInG) puts it on the generic others stand.
367,Asparagus,vege,direct_aggregate,others,group_proxy,SPAM: Listed under SPAM2010 aggregate 'vege' in Table S3. LPJmL: LPJmL has no CFT for this crop; cft_mapping (LandInG) puts it on the generic others stand.
372,Lettuce and chicory,vege,direct_aggregate,others,group_proxy,SPAM: Listed under SPAM2010 aggregate 'vege' in Table S3. LPJmL: LPJmL has no CFT for this crop; cft_mapping (LandInG) puts it on the generic others stand.
373,Spinach,vege,direct_aggregate,others,group_proxy,SPAM: Listed under SPAM2010 aggregate 'vege' in Table S3. LPJmL: LPJmL has no CFT for this crop; cft_mapping (LandInG) puts it on the generic others stand.
378,Cassava leaves,vege,group_proxy,others,group_proxy,"SPAM: FAO code newer than SPAM2010 Table S3; an FAO vegetable, so SPAM's vegetables aggregate stands in (cassava, cass, is the alternative: same plant). LPJmL: LPJmL has no CFT for this crop; cft_mapping (LandInG) puts it on the generic others stand."
388,Tomatoes,vege,direct_aggregate,others,group_proxy,SPAM: Listed under SPAM2010 aggregate 'vege' in Table S3. LPJmL: LPJmL has no CFT for this crop; cft_mapping (LandInG) puts it on the generic others stand.
393,Cauliflowers and broccoli,vege,direct_aggregate,others,group_proxy,SPAM: Listed under SPAM2010 aggregate 'vege' in Table S3. LPJmL: LPJmL has no CFT for this crop; cft_mapping (LandInG) puts it on the generic others stand.
394,"Pumpkins, squash and gourds",vege,direct_aggregate,others,group_proxy,SPAM: Listed under SPAM2010 aggregate 'vege' in Table S3. LPJmL: LPJmL has no CFT for this crop; cft_mapping (LandInG) puts it on the generic others stand.
397,Cucumbers and gherkins,vege,direct_aggregate,others,group_proxy,SPAM: Listed under SPAM2010 aggregate 'vege' in Table S3. LPJmL: LPJmL has no CFT for this crop; cft_mapping (LandInG) puts it on the generic others stand.
399,Eggplants (aubergines),vege,direct_aggregate,others,group_proxy,SPAM: Listed under SPAM2010 aggregate 'vege' in Table S3. LPJmL: LPJmL has no CFT for this crop; cft_mapping (LandInG) puts it on the generic others stand.
401,"Chillies and peppers, green (Capsicum spp. and Pimenta spp.)",vege,direct_aggregate,others,group_proxy,SPAM: Listed under SPAM2010 aggregate 'vege' in Table S3. LPJmL: LPJmL has no CFT for this crop; cft_mapping (LandInG) puts it on the generic others stand.
402,"Onions and shallots, green",vege,direct_aggregate,others,group_proxy,SPAM: Listed under SPAM2010 aggregate 'vege' in Table S3. LPJmL: LPJmL has no CFT for this crop; cft_mapping (LandInG) puts it on the generic others stand.
403,"Onions and shallots, dry (excluding dehydrated)",vege,group_proxy,others,group_proxy,"SPAM: Absent from SPAM2010 Table S3, whose vegetables list has green onions (402) but not dry onions; an FAO vegetable, so SPAM's vegetables aggregate stands in. Probably an omission in the table rather than a SPAM choice. LPJmL: LPJmL has no CFT for this crop; cft_mapping (LandInG) puts it on the generic others stand."
406,Green garlic,vege,direct_aggregate,others,group_proxy,SPAM: Listed under SPAM2010 aggregate 'vege' in Table S3. LPJmL: LPJmL has no CFT for this crop; cft_mapping (LandInG) puts it on the generic others stand.
407,Leeks and other alliaceous vegetables,vege,direct_aggregate,others,group_proxy,SPAM: Listed under SPAM2010 aggregate 'vege' in Table S3. LPJmL: LPJmL has no CFT for this crop; cft_mapping (LandInG) puts it on the generic others stand.
414,"Other beans, green",vege,direct_aggregate,others,group_proxy,SPAM: Listed under SPAM2010 aggregate 'vege' in Table S3. LPJmL: LPJmL has no CFT for this crop; cft_mapping (LandInG) puts it on the generic others stand.
417,"Peas, green",vege,direct_aggregate,others,group_proxy,SPAM: Listed under SPAM2010 aggregate 'vege' in Table S3. LPJmL: LPJmL has no CFT for this crop; cft_mapping (LandInG) puts it on the generic others stand.
420,"Broad beans and horse beans, green",vege,direct_aggregate,others,group_proxy,SPAM: Listed under SPAM2010 aggregate 'vege' in Table S3. LPJmL: Not in cft_mapping; vegetables are on LPJmL's others stand.
423,String beans,vege,direct_aggregate,others,group_proxy,SPAM: Listed under SPAM2010 aggregate 'vege' in Table S3. LPJmL: LPJmL has no CFT for this crop; cft_mapping (LandInG) puts it on the generic others stand.
426,Carrots and turnips,vege,direct_aggregate,others,group_proxy,SPAM: Listed under SPAM2010 aggregate 'vege' in Table S3. LPJmL: LPJmL has no CFT for this crop; cft_mapping (LandInG) puts it on the generic others stand.
430,Okra,vege,direct_aggregate,others,group_proxy,SPAM: Listed under SPAM2010 aggregate 'vege' in Table S3. LPJmL: LPJmL has no CFT for this crop; cft_mapping (LandInG) puts it on the generic others stand.
446,Green corn (maize),vege,direct_aggregate,maize,direct_aggregate,SPAM: Listed under SPAM2010 aggregate 'vege' in Table S3. LPJmL: cft_mapping (LandInG) classes it in LPJmL's multi-crop 'maize' CFT.
449,Mushrooms and truffles,vege,direct_aggregate,others,group_proxy,SPAM: Listed under SPAM2010 aggregate 'vege' in Table S3. LPJmL: LPJmL has no CFT for this crop; cft_mapping (LandInG) puts it on the generic others stand.
459,Chicory roots,vege,direct_aggregate,others,group_proxy,SPAM: Listed under SPAM2010 aggregate 'vege' in Table S3. LPJmL: Not in cft_mapping; vegetables are on LPJmL's others stand.
461,Locust beans (carobs),vege,direct_aggregate,others,group_proxy,SPAM: Listed under SPAM2010 aggregate 'vege' in Table S3. LPJmL: LPJmL has no CFT for this crop; cft_mapping (LandInG) puts it on the generic others stand.
463,"Other vegetables, fresh n.e.c.",vege,direct_aggregate,others,group_proxy,SPAM: Listed under SPAM2010 aggregate 'vege' in Table S3. LPJmL: LPJmL has no CFT for this crop; cft_mapping (LandInG) puts it on the generic others stand.
486,Bananas,bana,direct,others,group_proxy,LPJmL: LPJmL has no CFT for this crop; cft_mapping (LandInG) puts it on the generic others stand.
489,Plantains and cooking bananas,plnt,direct,others,group_proxy,LPJmL: LPJmL has no CFT for this crop; cft_mapping (LandInG) puts it on the generic others stand.
490,Oranges,trof,direct_aggregate,others,group_proxy,SPAM: Listed under SPAM2010 aggregate 'trof' in Table S3. LPJmL: LPJmL has no CFT for this crop; cft_mapping (LandInG) puts it on the generic others stand.
495,"Tangerines, mandarins, clementines",trof,direct_aggregate,others,group_proxy,SPAM: Listed under SPAM2010 aggregate 'trof' in Table S3. LPJmL: LPJmL has no CFT for this crop; cft_mapping (LandInG) puts it on the generic others stand.
497,Lemons and limes,trof,direct_aggregate,others,group_proxy,SPAM: Listed under SPAM2010 aggregate 'trof' in Table S3. LPJmL: LPJmL has no CFT for this crop; cft_mapping (LandInG) puts it on the generic others stand.
507,Pomelos and grapefruits,trof,direct_aggregate,others,group_proxy,SPAM: Listed under SPAM2010 aggregate 'trof' in Table S3. LPJmL: LPJmL has no CFT for this crop; cft_mapping (LandInG) puts it on the generic others stand.
512,"Other citrus fruit, n.e.c.",trof,direct_aggregate,others,group_proxy,SPAM: Listed under SPAM2010 aggregate 'trof' in Table S3. LPJmL: LPJmL has no CFT for this crop; cft_mapping (LandInG) puts it on the generic others stand.
515,Apples,temf,direct_aggregate,others,group_proxy,SPAM: Listed under SPAM2010 aggregate 'temf' in Table S3. LPJmL: LPJmL has no CFT for this crop; cft_mapping (LandInG) puts it on the generic others stand.
521,Pears,temf,direct_aggregate,others,group_proxy,SPAM: Listed under SPAM2010 aggregate 'temf' in Table S3. LPJmL: LPJmL has no CFT for this crop; cft_mapping (LandInG) puts it on the generic others stand.
523,Quinces,temf,direct_aggregate,others,group_proxy,SPAM: Listed under SPAM2010 aggregate 'temf' in Table S3. LPJmL: LPJmL has no CFT for this crop; cft_mapping (LandInG) puts it on the generic others stand.
526,Apricots,temf,direct_aggregate,others,group_proxy,SPAM: Listed under SPAM2010 aggregate 'temf' in Table S3. LPJmL: LPJmL has no CFT for this crop; cft_mapping (LandInG) puts it on the generic others stand.
530,Sour cherries,temf,direct_aggregate,others,group_proxy,SPAM: Listed under SPAM2010 aggregate 'temf' in Table S3. LPJmL: LPJmL has no CFT for this crop; cft_mapping (LandInG) puts it on the generic others stand.
531,Cherries,temf,direct_aggregate,others,group_proxy,SPAM: Listed under SPAM2010 aggregate 'temf' in Table S3. LPJmL: LPJmL has no CFT for this crop; cft_mapping (LandInG) puts it on the generic others stand.
534,Peaches and nectarines,temf,direct_aggregate,others,group_proxy,SPAM: Listed under SPAM2010 aggregate 'temf' in Table S3. LPJmL: LPJmL has no CFT for this crop; cft_mapping (LandInG) puts it on the generic others stand.
536,Plums and sloes,temf,direct_aggregate,others,group_proxy,SPAM: Listed under SPAM2010 aggregate 'temf' in Table S3. LPJmL: LPJmL has no CFT for this crop; cft_mapping (LandInG) puts it on the generic others stand.
541,Other stone fruits,temf,direct_aggregate,others,group_proxy,SPAM: Listed under SPAM2010 aggregate 'temf' in Table S3. LPJmL: LPJmL has no CFT for this crop; cft_mapping (LandInG) puts it on the generic others stand.
542,Other pome fruits,temf,direct_aggregate,others,group_proxy,SPAM: Listed under SPAM2010 aggregate 'temf' in Table S3. LPJmL: Not in cft_mapping; fruits are on LPJmL's others stand.
544,Strawberries,temf,direct_aggregate,others,group_proxy,SPAM: Listed under SPAM2010 aggregate 'temf' in Table S3. LPJmL: LPJmL has no CFT for this crop; cft_mapping (LandInG) puts it on the generic others stand.
547,Raspberries,temf,direct_aggregate,others,group_proxy,SPAM: Listed under SPAM2010 aggregate 'temf' in Table S3. LPJmL: LPJmL has no CFT for this crop; cft_mapping (LandInG) puts it on the generic others stand.
549,Gooseberries,temf,direct_aggregate,others,group_proxy,SPAM: Listed under SPAM2010 aggregate 'temf' in Table S3. LPJmL: LPJmL has no CFT for this crop; cft_mapping (LandInG) puts it on the generic others stand.
550,Currants,temf,direct_aggregate,others,group_proxy,SPAM: Listed under SPAM2010 aggregate 'temf' in Table S3. LPJmL: LPJmL has no CFT for this crop; cft_mapping (LandInG) puts it on the generic others stand.
552,Blueberries,temf,direct_aggregate,others,group_proxy,SPAM: Listed under SPAM2010 aggregate 'temf' in Table S3. LPJmL: LPJmL has no CFT for this crop; cft_mapping (LandInG) puts it on the generic others stand.
554,Cranberries,temf,direct_aggregate,others,group_proxy,SPAM: Listed under SPAM2010 aggregate 'temf' in Table S3. LPJmL: LPJmL has no CFT for this crop; cft_mapping (LandInG) puts it on the generic others stand.
558,Other berries and fruits of the genus vaccinium n.e.c.,temf,direct_aggregate,others,group_proxy,SPAM: Listed under SPAM2010 aggregate 'temf' in Table S3. LPJmL: LPJmL has no CFT for this crop; cft_mapping (LandInG) puts it on the generic others stand.
560,Grapes,temf,direct_aggregate,others,group_proxy,SPAM: Listed under SPAM2010 aggregate 'temf' in Table S3. LPJmL: LPJmL has no CFT for this crop; cft_mapping (LandInG) puts it on the generic others stand.
567,Watermelons,trof,direct_aggregate,others,group_proxy,SPAM: Listed under SPAM2010 aggregate 'trof' in Table S3. LPJmL: LPJmL has no CFT for this crop; cft_mapping (LandInG) puts it on the generic others stand.
568,Cantaloupes and other melons,trof,direct_aggregate,others,group_proxy,SPAM: Listed under SPAM2010 aggregate 'trof' in Table S3. LPJmL: LPJmL has no CFT for this crop; cft_mapping (LandInG) puts it on the generic others stand.
569,Figs,trof,direct_aggregate,others,group_proxy,SPAM: Listed under SPAM2010 aggregate 'trof' in Table S3. LPJmL: LPJmL has no CFT for this crop; cft_mapping (LandInG) puts it on the generic others stand.
571,"Mangoes, guavas and mangosteens",trof,direct_aggregate,others,group_proxy,SPAM: Listed under SPAM2010 aggregate 'trof' in Table S3. LPJmL: LPJmL has no CFT for this crop; cft_mapping (LandInG) puts it on the generic others stand.
572,Avocados,trof,direct_aggregate,others,group_proxy,SPAM: Listed under SPAM2010 aggregate 'trof' in Table S3. LPJmL: LPJmL has no CFT for this crop; cft_mapping (LandInG) puts it on the generic others stand.
574,Pineapples,trof,direct_aggregate,others,group_proxy,SPAM: Listed under SPAM2010 aggregate 'trof' in Table S3. LPJmL: LPJmL has no CFT for this crop; cft_mapping (LandInG) puts it on the generic others stand.
577,Dates,trof,direct_aggregate,others,group_proxy,SPAM: Listed under SPAM2010 aggregate 'trof' in Table S3. LPJmL: LPJmL has no CFT for this crop; cft_mapping (LandInG) puts it on the generic others stand.
587,Persimmons,trof,direct_aggregate,others,group_proxy,SPAM: Listed under SPAM2010 aggregate 'trof' in Table S3. LPJmL: LPJmL has no CFT for this crop; cft_mapping (LandInG) puts it on the generic others stand.
591,Cashewapple,trof,direct_aggregate,others,group_proxy,SPAM: Listed under SPAM2010 aggregate 'trof' in Table S3. LPJmL: Not in cft_mapping; fruits are on LPJmL's others stand.
592,Kiwi fruit,temf,direct_aggregate,others,group_proxy,SPAM: Listed under SPAM2010 aggregate 'temf' in Table S3. LPJmL: LPJmL has no CFT for this crop; cft_mapping (LandInG) puts it on the generic others stand.
600,Papayas,trof,direct_aggregate,others,group_proxy,SPAM: Listed under SPAM2010 aggregate 'trof' in Table S3. LPJmL: LPJmL has no CFT for this crop; cft_mapping (LandInG) puts it on the generic others stand.
603,"Other tropical fruits, n.e.c.",trof,direct_aggregate,others,group_proxy,SPAM: Listed under SPAM2010 aggregate 'trof' in Table S3. LPJmL: LPJmL has no CFT for this crop; cft_mapping (LandInG) puts it on the generic others stand.
619,"Other fruits, n.e.c.",temf,direct_aggregate,others,group_proxy,SPAM: Listed under SPAM2010 aggregate 'temf' in Table S3. LPJmL: LPJmL has no CFT for this crop; cft_mapping (LandInG) puts it on the generic others stand.
636,"Forage and silage, maize",maiz,proxy,maize,proxy,"SPAM: Fodder crop: SPAM2010 covers no explicit fodder crops. Same species as grain maize, so SPAM maize stands in. LPJmL: Fodder crop, not in cft_mapping. Same species as grain maize, so LPJmL's maize CFT stands in."
637,"Forage and silage, sorghum",sorg,proxy,tropical_cereals,proxy,"SPAM: Fodder crop: SPAM2010 covers no explicit fodder crops. Same species as grain sorghum, so SPAM sorghum stands in. LPJmL: Fodder crop, not in cft_mapping. Same species as grain sorghum (83, tropical cereals)."
638,"Forage and silage, rye grass",whea+barl+ocer,composite_weighted,temperate_cereals,proxy,"SPAM: Composite: the area-weighted mean of the per-crop irrigated:rainfed yield ratios of SPAM wheat, barley and other cereals, each weighted by that crop's SPAM2010 harvested area (irrigated plus rainfed) in the country, or by its global harvested area where the country grows none of the three. SPAM2010 covers no explicit fodder crops; these are the C3 grass crops it does cover. WEAK: perennial sward vs annual grain crops. LPJmL: Fodder crop, not in cft_mapping. C3 grass, matched to the SPAM cereal composite. WEAK: LPJmL's managed grassland band (irrigated and rainfed stands) is the alternative."
639,"Forage and silage, grasses nes",whea+barl+ocer,composite_weighted,temperate_cereals,proxy,"SPAM: Composite: the area-weighted mean of the per-crop irrigated:rainfed yield ratios of SPAM wheat, barley and other cereals, each weighted by that crop's SPAM2010 harvested area (irrigated plus rainfed) in the country, or by its global harvested area where the country grows none of the three. SPAM2010 covers no explicit fodder crops; these are the C3 grass crops it does cover. WEAK: perennial sward vs annual grain crops. LPJmL: Fodder crop, not in cft_mapping. C3 grasses, matched to the SPAM cereal composite. WEAK: LPJmL's managed grassland band is the alternative."
640,"Forage and silage, clover",bean+chic+cowp+pige+lent+opul+rest,composite_weighted,pulses,proxy,"SPAM: Composite: the area-weighted mean of the per-crop irrigated:rainfed yield ratios of every SPAM pulse (bean, chickpea, cowpea, pigeon pea, lentil, other pulses) and rest of crops, each weighted by that crop's SPAM2010 harvested area (irrigated plus rainfed) in the country, or by its global harvested area where the country grows none of them. SPAM2010 covers no explicit fodder crops. WEAK: perennial forage legume vs grain legumes. LPJmL: Fodder crop, not in cft_mapping. Forage legume, matched to the SPAM pulse composite. WEAK."
641,"Forage and silage, alfalfa",bean+chic+cowp+pige+lent+opul+rest,composite_weighted,pulses,proxy,"SPAM: Composite: the area-weighted mean of the per-crop irrigated:rainfed yield ratios of every SPAM pulse (bean, chickpea, cowpea, pigeon pea, lentil, other pulses) and rest of crops, each weighted by that crop's SPAM2010 harvested area (irrigated plus rainfed) in the country, or by its global harvested area where the country grows none of them. SPAM2010 covers no explicit fodder crops. WEAK: deep-rooted perennial, often heavily irrigated. LPJmL: Fodder crop, not in cft_mapping. Forage legume, matched to the SPAM pulse composite. WEAK: perennial."
642,"Forage and silage, green oilseeds",rape,proxy,oil_crops_rapeseed,proxy,"SPAM: Fodder crop: SPAM2010 covers no explicit fodder crops. Green oilseed fodder is mostly rape and mustard, SPAM's rape crop. LPJmL: Fodder crop, not in cft_mapping. Green rape and mustard, matched to the SPAM rape level."
643,"Forage and silage, legumes",bean+chic+cowp+pige+lent+opul+rest,composite_weighted,pulses,proxy,"SPAM: Composite: the area-weighted mean of the per-crop irrigated:rainfed yield ratios of every SPAM pulse (bean, chickpea, cowpea, pigeon pea, lentil, other pulses) and rest of crops, each weighted by that crop's SPAM2010 harvested area (irrigated plus rainfed) in the country, or by its global harvested area where the country grows none of them. SPAM2010 covers no explicit fodder crops. WEAK: perennial forage legumes vs grain legumes. LPJmL: Fodder crop, not in cft_mapping. Forage legumes, matched to the SPAM pulse composite. WEAK."
644,Cabbage for fodder,vege,proxy,others,proxy,"SPAM: Fodder crop: SPAM2010 covers no explicit fodder crops. Same species as cabbages (358), which SPAM holds in vegetables. LPJmL: Fodder crop, not in cft_mapping. Cabbages (358) are on LPJmL's others stand."
645,Mixed Grasses and Legumes,whea+barl+ocer,composite_weighted,temperate_cereals,proxy,"SPAM: Composite: the area-weighted mean of the per-crop irrigated:rainfed yield ratios of SPAM wheat, barley and other cereals, each weighted by that crop's SPAM2010 harvested area (irrigated plus rainfed) in the country, or by its global harvested area where the country grows none of the three. SPAM2010 covers no explicit fodder crops; these are the C3 grass crops it does cover. WEAK: perennial sward, legume share ignored. LPJmL: Fodder crop, not in cft_mapping. Grass-dominated sward, matched to the SPAM cereal composite. WEAK: LPJmL's managed grassland band is the alternative."
646,Turnips for fodder,vege,proxy,others,proxy,"SPAM: Fodder crop: SPAM2010 covers no explicit fodder crops. Same species as carrots and turnips (426), which SPAM holds in vegetables. LPJmL: Fodder crop, not in cft_mapping. Carrots and turnips (426) are on LPJmL's others stand."
647,Beets for fodder,sugb,proxy,temperate_roots,proxy,"SPAM: Fodder crop: SPAM2010 covers no explicit fodder crops. Same species (Beta vulgaris) as sugar beet. LPJmL: Fodder crop, not in cft_mapping. Same species as sugar beet (157, temperate roots)."
648,Carrots for fodder,vege,proxy,others,proxy,"SPAM: Fodder crop: SPAM2010 covers no explicit fodder crops. Same species as carrots and turnips (426), which SPAM holds in vegetables. LPJmL: Fodder crop, not in cft_mapping. Carrots and turnips (426) are on LPJmL's others stand."
649,Swedes for fodder,vege,proxy,others,proxy,"SPAM: Fodder crop: SPAM2010 covers no explicit fodder crops. A brassica root like turnips (426), which SPAM holds in vegetables. LPJmL: Fodder crop, not in cft_mapping. Carrots and turnips (426) are on LPJmL's others stand."
651,Forage products,whea+barl+ocer,composite_weighted,temperate_cereals,proxy,"SPAM: Composite: the area-weighted mean of the per-crop irrigated:rainfed yield ratios of SPAM wheat, barley and other cereals, each weighted by that crop's SPAM2010 harvested area (irrigated plus rainfed) in the country, or by its global harvested area where the country grows none of the three. SPAM2010 covers no explicit fodder crops; these are the C3 grass crops it does cover. WEAK: composition of forage n.e.c. unknown. LPJmL: Fodder crop, not in cft_mapping. Forage n.e.c., matched to the SPAM cereal composite. WEAK: LPJmL's managed grassland band is the alternative."
655,Vegetables and roots fodder,vege,proxy,others,proxy,"SPAM: Fodder crop: SPAM2010 covers no explicit fodder crops. Vegetables and roots grown for fodder; SPAM's vegetables aggregate. LPJmL: Fodder crop, not in cft_mapping. Vegetables are on LPJmL's others stand."
656,"Coffee, green",acof+rcof,direct,others,group_proxy,SPAM: SPAM2010 splits FAO coffee into arabica and robusta by national shares (Table S3 note d); pool both (sum area and production per regime) to recover the FAO item. LPJmL: LPJmL has no CFT for this crop; cft_mapping (LandInG) puts it on the generic others stand.
661,Cocoa beans,coco,direct,others,group_proxy,LPJmL: LPJmL has no CFT for this crop; cft_mapping (LandInG) puts it on the generic others stand.
667,Tea leaves,teas,direct,others,group_proxy,LPJmL: LPJmL has no CFT for this crop; cft_mapping (LandInG) puts it on the generic others stand.
671,Mate leaves,rest,direct_aggregate,others,group_proxy,SPAM: Listed under SPAM2010 aggregate 'rest' in Table S3. LPJmL: LPJmL has no CFT for this crop; cft_mapping (LandInG) puts it on the generic others stand.
674,Tea nes,teas,direct,others,group_proxy,"SPAM: Tea n.e.c.: not in SPAM2010 Table S3 (an older FAO code), but the same crop as tea (667). LPJmL: Not in cft_mapping; tea (667) is on LPJmL's others stand."
677,Hop cones,rest,direct_aggregate,others,group_proxy,SPAM: Listed under SPAM2010 aggregate 'rest' in Table S3. LPJmL: LPJmL has no CFT for this crop; cft_mapping (LandInG) puts it on the generic others stand.
687,"Pepper (Piper spp.), raw",rest,direct_aggregate,others,group_proxy,SPAM: Listed under SPAM2010 aggregate 'rest' in Table S3. LPJmL: LPJmL has no CFT for this crop; cft_mapping (LandInG) puts it on the generic others stand.
689,"Chillies and peppers, dry (Capsicum spp., Pimenta spp.), raw",rest,direct_aggregate,others,group_proxy,SPAM: Listed under SPAM2010 aggregate 'rest' in Table S3. LPJmL: LPJmL has no CFT for this crop; cft_mapping (LandInG) puts it on the generic others stand.
692,"Vanilla, raw",rest,direct_aggregate,others,group_proxy,SPAM: Listed under SPAM2010 aggregate 'rest' in Table S3. LPJmL: LPJmL has no CFT for this crop; cft_mapping (LandInG) puts it on the generic others stand.
693,"Cinnamon and cinnamon-tree flowers, raw",rest,direct_aggregate,others,group_proxy,SPAM: Listed under SPAM2010 aggregate 'rest' in Table S3. LPJmL: LPJmL has no CFT for this crop; cft_mapping (LandInG) puts it on the generic others stand.
698,"Cloves (whole stems), raw",rest,direct_aggregate,others,group_proxy,SPAM: Listed under SPAM2010 aggregate 'rest' in Table S3. LPJmL: LPJmL has no CFT for this crop; cft_mapping (LandInG) puts it on the generic others stand.
702,"Nutmeg, mace, cardamoms, raw",rest,direct_aggregate,others,group_proxy,SPAM: Listed under SPAM2010 aggregate 'rest' in Table S3. LPJmL: LPJmL has no CFT for this crop; cft_mapping (LandInG) puts it on the generic others stand.
711,"Anise, badian, coriander, cumin, caraway, fennel and juniper berries, raw",rest,direct_aggregate,others,group_proxy,SPAM: Listed under SPAM2010 aggregate 'rest' in Table S3. LPJmL: LPJmL has no CFT for this crop; cft_mapping (LandInG) puts it on the generic others stand.
720,"Ginger, raw",rest,direct_aggregate,others,group_proxy,SPAM: Listed under SPAM2010 aggregate 'rest' in Table S3. LPJmL: LPJmL has no CFT for this crop; cft_mapping (LandInG) puts it on the generic others stand.
723,"Other stimulant, spice and aromatic crops, n.e.c.",rest,direct_aggregate,others,group_proxy,SPAM: Listed under SPAM2010 aggregate 'rest' in Table S3. LPJmL: LPJmL has no CFT for this crop; cft_mapping (LandInG) puts it on the generic others stand.
748,"Peppermint, spearmint",rest,direct_aggregate,others,group_proxy,SPAM: Listed under SPAM2010 aggregate 'rest' in Table S3. LPJmL: LPJmL has no CFT for this crop; cft_mapping (LandInG) puts it on the generic others stand.
754,"Pyrethrum, dried flowers",rest,direct_aggregate,others,group_proxy,SPAM: Listed under SPAM2010 aggregate 'rest' in Table S3. LPJmL: LPJmL has no CFT for this crop; cft_mapping (LandInG) puts it on the generic others stand.
767,"Cotton lint, ginned",cott,direct,others,group_proxy,"SPAM: Co-product of seed cotton (328); carries no harvested area of its own, mapped so a lookup never misses. LPJmL: Not in cft_mapping; co-product of seed cotton (328), which is on LPJmL's others stand."
772,Linum,ooil|ofib,product_dominance,others,group_proxy,"SPAM: Per-country product dominance: WHEP books the area of linseed (333, SPAM ooil) and flax fibre (773, SPAM ofib) jointly on Linum (primary_double.csv, Multi_area). In each country the SPAM aggregate of whichever product has the larger FAOSTAT production is used: ooil where linseed dominates, ofib where flax fibre does. LPJmL: cft_mapping (LandInG) puts Linum on LPJmL's others stand, as LandInG does both linseed and flax fibre."
773,"Flax, processed but not spun",ofib,direct_aggregate,others,group_proxy,"SPAM: Listed under SPAM2010 aggregate 'ofib' in Table S3. LPJmL: LPJmL has no CFT for this crop; cft_mapping (LandInG) puts Linum (772), where WHEP books its area, on the generic others stand."
776,Hemp,ooil|ofib,product_dominance,others,group_proxy,"SPAM: Per-country product dominance: WHEP books the area of hempseed (336, SPAM ooil) and true hemp (777, SPAM ofib) jointly on Hemp (primary_double.csv, Multi_area). In each country the SPAM aggregate of whichever product has the larger FAOSTAT production is used: ooil where hempseed dominates, ofib where hemp fibre does. LPJmL: cft_mapping (LandInG) puts Hemp on LPJmL's others stand, as LandInG does both hempseed and hemp fibre."
777,"True hemp, raw or retted",ofib,direct_aggregate,others,group_proxy,"SPAM: Listed under SPAM2010 aggregate 'ofib' in Table S3. LPJmL: LPJmL has no CFT for this crop; cft_mapping (LandInG) puts Hemp (776), where WHEP books its area, on the generic others stand."
778,"Kapok fibre, raw",rest,group_proxy,others,group_proxy,"SPAM: SPAM2010 ignores kapok (ReadMe_v2r0_Global.txt); same stand-in as kapok fruit (310). LPJmL: LPJmL has no CFT for this crop; cft_mapping (LandInG) puts Kapok fruit (310), where WHEP books its area, on the generic others stand."
780,"Jute, raw or retted",ofib,direct_aggregate,others,group_proxy,SPAM: Listed under SPAM2010 aggregate 'ofib' in Table S3. LPJmL: LPJmL has no CFT for this crop; cft_mapping (LandInG) puts it on the generic others stand.
782,"Kenaf, and other textile bast fibres, raw or retted",ofib,direct_aggregate,others,group_proxy,SPAM: Listed under SPAM2010 aggregate 'ofib' in Table S3. LPJmL: Not in cft_mapping; fibre crops are on LPJmL's others stand.
788,"Ramie, raw or retted",ofib,direct_aggregate,others,group_proxy,SPAM: Listed under SPAM2010 aggregate 'ofib' in Table S3. LPJmL: LPJmL has no CFT for this crop; cft_mapping (LandInG) puts it on the generic others stand.
789,"Sisal, raw",ofib,direct_aggregate,others,group_proxy,SPAM: Listed under SPAM2010 aggregate 'ofib' in Table S3. LPJmL: LPJmL has no CFT for this crop; cft_mapping (LandInG) puts it on the generic others stand.
800,"Agave fibres, raw, n.e.c.",ofib,direct_aggregate,others,group_proxy,SPAM: Listed under SPAM2010 aggregate 'ofib' in Table S3. LPJmL: LPJmL has no CFT for this crop; cft_mapping (LandInG) puts it on the generic others stand.
809,"Abaca, manila hemp, raw",ofib,direct_aggregate,others,group_proxy,SPAM: Listed under SPAM2010 aggregate 'ofib' in Table S3. LPJmL: Not in cft_mapping; fibre crops are on LPJmL's others stand.
813,"Coir, raw",ofib,group_proxy,others,group_proxy,"SPAM: Not in SPAM2010 Table S3 (coir is coconut husk fibre); SPAM's other-fibre aggregate stands in (coconut, cnut, is the alternative: same plant). LPJmL: Not in cft_mapping; fibre crops are on LPJmL's others stand."
821,"Other fibre crops, raw, n.e.c.",ofib,direct_aggregate,others,group_proxy,SPAM: Listed under SPAM2010 aggregate 'ofib' in Table S3. LPJmL: LPJmL has no CFT for this crop; cft_mapping (LandInG) puts it on the generic others stand.
826,Unmanufactured tobacco,toba,direct,others,group_proxy,LPJmL: LPJmL has no CFT for this crop; cft_mapping (LandInG) puts it on the generic others stand.
836,Natural rubber in primary forms,rest,direct_aggregate,others,group_proxy,SPAM: Listed under SPAM2010 aggregate 'rest' in Table S3. LPJmL: LPJmL has no CFT for this crop; cft_mapping (LandInG) puts it on the generic others stand.
839,"Balata, gutta-percha, guayule, chicle and similar natural gums in primary forms or in plates, sheets or strip",rest,direct_aggregate,others,group_proxy,SPAM: Listed under SPAM2010 aggregate 'rest' in Table S3. LPJmL: LPJmL has no CFT for this crop; cft_mapping (LandInG) puts it on the generic others stand.
996,Temporary grassland,whea+barl+ocer,composite_weighted,temperate_cereals,proxy,"SPAM: Temporary (sown) grassland. Composite: the area-weighted mean of the per-crop irrigated:rainfed yield ratios of SPAM wheat, barley and other cereals, each weighted by that crop's SPAM2010 harvested area (irrigated plus rainfed) in the country, or by its global harvested area where the country grows none of the three. SPAM2010 covers no explicit fodder crops; these are the C3 grass crops it does cover. WEAK: perennial sward vs annual grain crops. LPJmL: Temporary grassland, not in cft_mapping. C3 grass sward, matched to the SPAM cereal composite. WEAK: LPJmL's managed grassland band is the alternative."
2108,Flowers,rest,group_proxy,others,group_proxy,"SPAM: WHEP's own flowers item, not an FAO crop and not in SPAM2010; SPAM's rest-of-crops aggregate is its catch-all for minor crops. LPJmL: Not in cft_mapping; flowers have no LPJmL CFT, so the others stand stands in."
