"Name","Reporter","Trade","Imp/Exp","Timeline_Start","Timeline_End","Timeline_Freq","Quality","Info_Format","Scanned","SACO_link"
"CUST4_Bad","United Kingdom of Great Britain and Northern Ireland (the)","Bilateral","Imp",1809,1875,1,"Bad","year",0,
"CUST4_Good","United Kingdom of Great Britain and Northern Ireland (the)","Bilateral","Imp",1876,1899,1,"Good","year",0,
"CUST8_1899","United Kingdom of Great Britain and Northern Ireland (the)","Bilateral","Exp",1899,1899,1,"Good","year",1,"https://saco.csic.es/s/4ofWeFPDb5nN5gB?dir=undefined&path=%2FSources%2FUK%2FCUST&openfile=321007295"
"CUST8_1820","United Kingdom of Great Britain and Northern Ireland (the)","Bilateral","Exp",1820,1820,1,"Unknown","year",0,
"CUST8_1850","United Kingdom of Great Britain and Northern Ireland (the)","Bilateral","Exp",1850,1850,1,"Unknown","year",0,
"CUST8_1880","United Kingdom of Great Britain and Northern Ireland (the)","Bilateral","Exp",1880,1880,1,"Unknown","year",0,
"Statistical Abstract no. 2","United Kingdom of Great Britain and Northern Ireland (the)","Total","Exp/Imp",1840,1854,1,"Good","partial_series",1,"https://saco.csic.es/s/4ofWeFPDb5nN5gB?path=%2FSources%2FUK%2FStatistical%20Abstract%2FStatistical%20Abstract%201840"
"Statistical Abstract no. 16","United Kingdom of Great Britain and Northern Ireland (the)","Total","Exp/Imp",1854,1869,1,"Good","partial_series",1,"https://saco.csic.es/s/4ofWeFPDb5nN5gB?path=%2FSources%2FUK%2FStatistical%20Abstract%2FStatistical%20Abstract%201869"
"Statistical Abstract no. 30","United Kingdom of Great Britain and Northern Ireland (the)","Total","Exp/Imp",1868,1882,1,"Good","partial_series",1,"https://saco.csic.es/s/4ofWeFPDb5nN5gB?path=%2FSources%2FUK%2FStatistical%20Abstract%2FStatistical%20Abstract%20No.%2030"
"Statistical Abstract no. 44","United Kingdom of Great Britain and Northern Ireland (the)","Total","Exp/Imp",1882,1896,1,"Good","partial_series",1,"https://saco.csic.es/s/4ofWeFPDb5nN5gB?path=%2FSources%2FUK%2FStatistical%20Abstract%2FStatistical%20Abstract%20No.%2044"
"Statistical Abstract no. 58","United Kingdom of Great Britain and Northern Ireland (the)","Total","Exp/Imp",1896,1910,1,"Good","partial_series",1,"https://saco.csic.es/s/4ofWeFPDb5nN5gB?path=%2FSources%2FUK%2FStatistical%20Abstract%2FStatistical%20Abstract%20No.%2058"
"Statistical Abstract no. 69","United Kingdom of Great Britain and Northern Ireland (the)","Total","Exp/Imp",1910,1924,1,"Good","partial_series",1,
"Statistical Abstract no. 83","United Kingdom of Great Britain and Northern Ireland (the)","Total","Exp/Imp",1924,1938,1,"Good","partial_series",1,
"Statistical Abstract no. 88","United Kingdom of Great Britain and Northern Ireland (the)","Total","Exp/Imp",1939,1950,1,"Good","partial_series",1,
"Statistical Abstract no. 97","United Kingdom of Great Britain and Northern Ireland (the)","Total","Exp/Imp",1951,1959,1,"Good","partial_series",1,
"Data Extracted by Juan","United Kingdom of Great Britain and Northern Ireland (the)","Total","Exp/Imp",1900,1964,1,"Good","partial_series",1,"https://saco.csic.es/s/4ofWeFPDb5nN5gB?dir=undefined&path=%2FSources%2FManually%20extracted%20data&openfile=299869683"
"TNA 1913","United Kingdom of Great Britain and Northern Ireland (the)","Bilateral","Exp/Imp",1911,1913,1,"Good","partial_series",0,
"TNA 1943","United Kingdom of Great Britain and Northern Ireland (the)","Bilateral","Exp/Imp",1941,1943,1,"Good","partial_series",0,
"TNA1903","United Kingdom of Great Britain and Northern Ireland (the)","Bilateral","Exp/Imp",1942,1944,1,"Good","partial_series",0,
"TNA 1946","United Kingdom of Great Britain and Northern Ireland (the)","Bilateral","Exp/Imp",1945,1946,1,"Good","partial_series",0,
"TNA 1948","United Kingdom of Great Britain and Northern Ireland (the)","Bilateral","Exp/Imp",1947,1948,1,"Good","partial_series",0,
"TNA 1927","United Kingdom of Great Britain and Northern Ireland (the)","Bilateral","Exp/Imp",1925,1927,1,"Good","partial_series",0,
"Statistisches Jahrbuch für das Deutsche Reich. Berlin . Schmidt.","Germany","Bilateral;Total","Exp/Imp",1859,1915,1,"Good","year",0,
"Statistisches Jahrbuch für das Deutsche Reich. Berlin . Schmidt.","Germany","Bilateral;Total","Exp/Imp",1921,1942,1,"Good","year",0,
"Statistisches Jahrbuch für die Bundesrepublik Deutschland","Germany","Bilateral;Total","Exp/Imp",1950,1952,1,"Good","year",0,
"Clifford et al Dataset","United Kingdom of Great Britain and Northern Ireland (the)","Bilateral","Imp",1856,1906,5,"Good","partial_series",1,"https://saco.csic.es/s/4ofWeFPDb5nN5gB?dir=undefined&path=%2FSources%2FUK&openfile=315059323"
"Le Commerce Exterieur de l'Egypte","Egypt","Bilateral","Exp/Imp",1879,1879,1,"Good","year",0,"https://saco.csic.es/s/4ofWeFPDb5nN5gB?path=%2FSources%2FEgypt%2FLe%20Commerce%20Ext%C3%A9rieur%20de%20l%27%C3%89gypte%201879"
"Review of the trade of India in. 1894/95-1898/99","India","Bilateral;Total","Exp/Imp",1885,1895,1,"Good","year",0,
"Accounts relating to the trade by land of British India with foreign countries v. 4-6 (1898/1899)","India","Bilateral;Total","Exp/Imp",1896,1898,1,"Good","partial_series",0,
"Annual statement of the sea-borne trade and navigation of British India with the British Empire and foreign countries.","India","Bilateral;Total","Exp/Imp",1899,1904,1,"Good","year",0,
"Annual statement of the sea-borne trade and navigation of British India with the British Empire and foreign countries","India","Bilateral;Total","Exp/Imp",1908,1913,1,"Good","year",0,
"Tableau décennal du commerce de la France avec ses colonies et les puissances étrangères,  (1827-1836)","France","Bilateral","Exp/Imp",1827,1836,1,"Good","partial_series",0,
"Tableau décennal du commerce de la France avec ses colonies et les puissances étrangères,  (1837-1846)","France","Bilateral","Exp/Imp",1837,1846,1,"Good","partial_series",0,
"Tableau décennal du commerce de la France avec ses colonies et les puissances étrangères,  (1847-1856)","France","Bilateral","Exp/Imp",1847,1856,1,"Good","partial_series",0,
"Tableau décennal du commerce de la France avec ses colonies et les puissances étrangères,  (1857-1866)","France","Bilateral","Exp/Imp",1857,1866,1,"Unknown","partial_series",0,
"Tableau décennal du commerce de la France avec ses colonies et les puissances étrangères,  (1867-1876)","France","Bilateral","Exp/Imp",1867,1876,1,"Good","partial_series",0,
"Tableau décennal du commerce de la France avec ses colonies et les puissances étrangères,  (1877-1886)","France","Bilateral","Exp/Imp",1877,1886,1,"Good","partial_series",0,
"Hsiao, L. (1974). China’s Foreign Trade Statistics, 1864–1949. (1 ed.). Harvard University Asia Center Publications Program. https://dx.doi.org/10.1353/book75525.","China","Total","Exp/Imp",1886,1948,1,"Good","partial_series",0,"https://saco.csic.es/s/4ofWeFPDb5nN5gB?dir=undefined&path=%2FSources%2FChina&openfile=330981379"
"Tableau général du commerce de la France avec ses colonies et les puissances étrangères pendant l'année 1839","France","Total","Exp/Imp",1834,1839,1,"Good","partial_series",0,
"Tableau général du commerce de la France avec ses colonies et les puissances étrangères pendant l'année 1845","France","Total","Exp/Imp",1840,1845,1,"Good","partial_series",0,
"Tableau général du commerce de la France avec ses colonies et les puissances étrangères pendant l'année 1851","France","Total","Exp/Imp",1846,1851,1,"Good","partial_series",0,
"Tableau général du commerce de la France avec ses colonies et les puissances étrangères pendant l'année 1857","France","Total","Exp/Imp",1852,1857,1,"Good","partial_series",0,
"Tableau général du commerce de la France avec ses colonies et les puissances étrangères pendant l'année 1863","France","Total","Exp/Imp",1858,1863,1,"Good","partial_series",0,
"Tableau général du commerce de la France avec ses colonies et les puissances étrangères pendant l'année 1869","France","Total","Exp/Imp",1864,1869,1,"Good","partial_series",0,
"Tableau général du commerce de la France avec ses colonies et les puissances étrangères pendant l'année 1875","France","Total","Exp/Imp",1870,1875,1,"Good","partial_series",0,
"Tableau général du commerce de la France avec ses colonies et les puissances étrangères pendant l'année 1881","France","Total","Exp/Imp",1876,1881,1,"Good","partial_series",0,
"Tableau général du commerce de la France avec ses colonies et les puissances étrangères pendant l'année 1887","France","Total","Exp/Imp",1882,1887,1,"Good","partial_series",0,
"Tableau général du commerce de la France avec ses colonies et les puissances étrangères pendant l'année 1893","France","Total","Exp/Imp",1888,1893,1,"Good","partial_series",0,
"Tableau général du commerce de la France avec ses colonies et les puissances étrangères pendant l'année 1893","France","Total","Exp/Imp",1891,1896,1,"Good","partial_series",0,
"Tableau général du commerce de la France avec ses colonies et les puissances étrangères pendant l'année 1839","France","Bilateral","Exp/Imp",1825,1825,1,"Good","year",0,
"Tableau général du commerce de la France avec ses colonies et les puissances étrangères pendant l'année 1839","France","Bilateral","Exp/Imp",1850,1850,1,"Good","year",0,
"Tableau général du commerce de la France avec ses colonies et les puissances étrangères pendant l'année 1839","France","Bilateral","Exp/Imp",1860,1860,1,"Good","year",0,
"Tableau général du commerce de la France avec ses colonies et les puissances étrangères pendant l'année 1893","France","Bilateral","Exp/Imp",1890,1890,1,"Good","year",0,
"Tableau général du commerce et de la navigation (1900)","France","Total","Exp/Imp",1895,1900,1,"Good","partial_series",0,
"Tableau général du commerce et de la navigation (1900)","France","Bilateral","Exp/Imp",1900,1900,1,"Good","year",0,
"Tableau général du commerce et de la navigation (1913)","France","Bilateral","Exp/Imp",1913,1913,1,"Good","year",0,
"Tableau général du commerce et de la navigation (1918)","France","Bilateral","Exp/Imp",1918,1918,1,"Good","year",0,
"Tableau général du commerce et de la navigation (1920)","France","Bilateral","Exp/Imp",1920,1920,1,"Good","year",0,
"Tableau général du commerce et de la navigation (1926)","France","Bilateral","Exp/Imp",1926,1926,1,"Good","year",0,
"Statistical Abstract of the United States: 1878.","United States of America (the)","Bilateral;Total","Exp/Imp",1859,1878,1,"Good","year",0,
"Statistical Abstract of the United States: 1887","United States of America (the)","Bilateral;Total","Exp/Imp",1878,1887,1,"Good","year",0,
"Statistical Abstract of the United States: 1902","United States of America (the)","Bilateral;Total","Exp/Imp",1893,1902,1,"Good","year",0,
"Statistical Abstract of the United States: 1910","United States of America (the)","Total","Exp/Imp",1900,1910,1,"Good","year",0,
"Comercio exterior de la América Latina: Informe sobre el comercio de la América Latina con referencia especial a su comercio con los Estados Unidos.","United States of America (the)","Bilateral;Total","Exp/Imp",1929,1939,1,"Good","year",0,
"Statistical Abstract of Foreign Countries Parts I-III- Statics of Foreign Commerce 1850-1909
","United States of America (the)","Bilateral;Total","Exp/Imp",1896,1906,1,"Good","year",0,
"Historical Statistics of the United States: Colonial Times to 1970.","United States of America (the)","Total","Exp/Imp",1900,1970,1,"Good","year",0,
"Foreign trade","United States of America (the)","Total","Exp/Imp",1860,1940,1,"Good","year",,
"Two Centuries of Bilateral Trade and Gravity Data: 1827-2014","United States of America (the)","Bilateral","Exp/Imp",1827,2014,1,"Good","year",,
,"Canada","Total","Exp/Imp",1867,1913,1,"Good","year",,
"Crook (1997)","China","Total","Exp/Imp",1991,1996,1,"Good","year",,
"Colby et al. (1992)","China","Total","Exp/Imp",1950,1989,1,"Good","year",,
