alias,board_url,version,access,public_alternative
commodity_balance_sheet,https://saco.csic.es/public.php/dav/files/nrJ3JGPZyZeQMW8/Model%20inputs/world/_pins.yaml,20250714T123343Z-114b5,public,
bilateral_trade,https://saco.csic.es/public.php/dav/files/nrJ3JGPZyZeQMW8/Model%20inputs/world/_pins.yaml,20250714T123347Z-2c392,public,
processing_coefs,https://saco.csic.es/public.php/dav/files/nrJ3JGPZyZeQMW8/Model%20inputs/world/_pins.yaml,20250714T123348Z-06c63,public,
feed_intake,https://saco.csic.es/public.php/dav/files/nrJ3JGPZyZeQMW8/Model%20inputs/world/_pins.yaml,20250714T123349Z-660d7,public,
primary_prod,https://saco.csic.es/public.php/dav/files/nrJ3JGPZyZeQMW8/Model%20inputs/world/_pins.yaml,20250714T123350Z-74e7f,public,
crop_residues,https://saco.csic.es/public.php/dav/files/nrJ3JGPZyZeQMW8/Model%20inputs/world/_pins.yaml,20250714T123350Z-1d7be,public,
read_example,https://saco.csic.es/public.php/dav/files/nrJ3JGPZyZeQMW8/Model%20inputs/world/_pins.yaml,20250721T152756Z-f00da,public,
faostat-production,https://saco.csic.es/public.php/dav/files/nrJ3JGPZyZeQMW8/Model%20inputs/world/_pins.yaml,20260325T111448Z-4fffe,public,
faostat-production-old,https://saco.csic.es/public.php/dav/files/nrJ3JGPZyZeQMW8/Model%20inputs/world/_pins.yaml,20260325T113330Z-572c9,public,
faostat-landuse,https://saco.csic.es/public.php/dav/files/nrJ3JGPZyZeQMW8/Model%20inputs/world/_pins.yaml,20260624T095700Z-5c591,public,
cropgrids-land,https://saco.csic.es/public.php/dav/files/nrJ3JGPZyZeQMW8/Model%20inputs/world/_pins.yaml,20260624T115603Z-e31de,public,
cropgrids-fallow-land,https://saco.csic.es/public.php/dav/files/nrJ3JGPZyZeQMW8/Model%20inputs/world/_pins.yaml,20260624T115609Z-f784a,public,
eu-agridb-fodder,https://saco.csic.es/public.php/dav/files/nrJ3JGPZyZeQMW8/Model%20inputs/world/_pins.yaml,20260325T113350Z-145f3,public,
eu-agridb-manure-flows,https://saco.csic.es/public.php/dav/files/nrJ3JGPZyZeQMW8/Model%20inputs/world/_pins.yaml,20260430T143339Z-0bf20,public,
eu-agridb-synthetic-fertilizer,https://saco.csic.es/public.php/dav/files/nrJ3JGPZyZeQMW8/Model%20inputs/world/_pins.yaml,20260430T143406Z-9c3df,public,
faostat-emissions-livestock,https://saco.csic.es/public.php/dav/files/nrJ3JGPZyZeQMW8/Model%20inputs/world/_pins.yaml,20260914T124233Z-55c6c,public,
faostat-fertilizer-nutrients,https://saco.csic.es/public.php/dav/files/nrJ3JGPZyZeQMW8/Model%20inputs/world/_pins.yaml,20260526T151256Z-161c2,public,
faostat-trade-totals,https://saco.csic.es/public.php/dav/files/nrJ3JGPZyZeQMW8/Model%20inputs/world/_pins.yaml,20260325T120525Z-7b85f,public,
faostat-trade-bilateral,https://saco.csic.es/public.php/dav/files/nrJ3JGPZyZeQMW8/Model%20inputs/world/_pins.yaml,20260407T095142Z-b3f81,public,
luh2-areas,https://saco.csic.es/public.php/dav/files/nrJ3JGPZyZeQMW8/Model%20inputs/world/_pins.yaml,20260325T112205Z-4d7cb,public,
international-yields,https://saco.csic.es/public.php/dav/files/nrJ3JGPZyZeQMW8/Model%20inputs/world/_pins.yaml,20260325T112220Z-b6167,public,
historical-trade-exports,https://saco.csic.es/public.php/dav/files/nrJ3JGPZyZeQMW8/Model%20inputs/world/_pins.yaml,20260325T121518Z-d548c,public,
historical-trade-imports,https://saco.csic.es/public.php/dav/files/nrJ3JGPZyZeQMW8/Model%20inputs/world/_pins.yaml,20260325T121523Z-72a63,public,
gdp-population,https://saco.csic.es/public.php/dav/files/nrJ3JGPZyZeQMW8/Model%20inputs/world/_pins.yaml,20260325T085548Z-ec5a9,public,
faostat-production-processed,https://saco.csic.es/public.php/dav/files/nrJ3JGPZyZeQMW8/Model%20inputs/world/_pins.yaml,20260325T113346Z-5637e,public,
faostat-fbs-new,https://saco.csic.es/public.php/dav/files/nrJ3JGPZyZeQMW8/Model%20inputs/world/_pins.yaml,20260818T183718Z-8a68a,public,
faostat-fbs-old,https://saco.csic.es/public.php/dav/files/nrJ3JGPZyZeQMW8/Model%20inputs/world/_pins.yaml,20260325T114920Z-874a4,public,
faostat-cbs-old-animal,https://saco.csic.es/public.php/dav/files/nrJ3JGPZyZeQMW8/Model%20inputs/world/_pins.yaml,20260325T115537Z-9e898,public,
faostat-cbs-old-crops,https://saco.csic.es/public.php/dav/files/nrJ3JGPZyZeQMW8/Model%20inputs/world/_pins.yaml,20260325T120222Z-3d77b,public,
faostat-cbs-new,https://saco.csic.es/public.php/dav/files/nrJ3JGPZyZeQMW8/Model%20inputs/world/_pins.yaml,20260917T120745Z-ba954,public,
faostat-value-of-production,https://saco.csic.es/public.php/dav/files/nrJ3JGPZyZeQMW8/Model%20inputs/world/_pins.yaml,20260408T104620Z-e8056,public,
fishstat-trade,https://saco.csic.es/public.php/dav/files/nrJ3JGPZyZeQMW8/Model%20inputs/world/_pins.yaml,20260330T095440Z-8bd94,public,
codes_coefs,https://saco.csic.es/public.php/dav/files/nrJ3JGPZyZeQMW8/Model%20inputs/nitrogen_spain/_pins.yaml,20250724T143014Z-a83d1,public,
crop_area_npp_ygpit_all,https://saco.csic.es/public.php/dav/files/nrJ3JGPZyZeQMW8/Model%20inputs/nitrogen_spain/_pins.yaml,20260427T074140Z-bd4e6,public,
crop_area_npp_ygpitr_no_fallow,https://saco.csic.es/public.php/dav/files/nrJ3JGPZyZeQMW8/Model%20inputs/nitrogen_spain/_pins.yaml,20260427T075016Z-e340e,public,
feed_avail_all,https://saco.csic.es/public.php/dav/files/nrJ3JGPZyZeQMW8/Model%20inputs/nitrogen_spain/_pins.yaml,20250724T120137Z-6239a,public,
livestock_prod_ygps,https://saco.csic.es/public.php/dav/files/nrJ3JGPZyZeQMW8/Model%20inputs/nitrogen_spain/_pins.yaml,20260427T084010Z-7a1f7,public,
n_balance_ygpit_all,https://saco.csic.es/public.php/dav/files/nrJ3JGPZyZeQMW8/Model%20inputs/nitrogen_spain/_pins.yaml,20260514T070647Z-f97a6,public,
n_excretion_ygs,https://saco.csic.es/public.php/dav/files/nrJ3JGPZyZeQMW8/Model%20inputs/nitrogen_spain/_pins.yaml,20260511T093801Z-06fec,public,
pie_full_destinies_fm,https://saco.csic.es/public.php/dav/files/nrJ3JGPZyZeQMW8/Model%20inputs/nitrogen_spain/_pins.yaml,20260427T091304Z-76d13,public,
population_yg,https://saco.csic.es/public.php/dav/files/nrJ3JGPZyZeQMW8/Model%20inputs/nitrogen_spain/_pins.yaml,20260818T183537Z-ca79b,public,
processed_prov_fixed,https://saco.csic.es/public.php/dav/files/nrJ3JGPZyZeQMW8/Model%20inputs/nitrogen_spain/_pins.yaml,20250724T140654Z-23fcb,public,
codes_coefs_items_full,https://saco.csic.es/public.php/dav/files/nrJ3JGPZyZeQMW8/Model%20inputs/nitrogen_spain/_pins.yaml,20250728T081525Z-c6479,public,
npp_ygpit,https://saco.csic.es/public.php/dav/files/nrJ3JGPZyZeQMW8/Model%20inputs/nitrogen_spain/_pins.yaml,20260513T083305Z-892fb,public,
intake_ygiac,https://saco.csic.es/public.php/dav/files/nrJ3JGPZyZeQMW8/Model%20inputs/nitrogen_spain/_pins.yaml,20260513T083932Z-0ac8a,public,
grafs_crop_categories,https://saco.csic.es/public.php/dav/files/nrJ3JGPZyZeQMW8/Model%20inputs/nitrogen_spain/_pins.yaml,20260127T114257Z-afabb,public,
livestock_units,https://saco.csic.es/public.php/dav/files/nrJ3JGPZyZeQMW8/Model%20inputs/nitrogen_spain/_pins.yaml,20260128T120326Z-40647,public,
n_fix_ygpit_all,https://saco.csic.es/public.php/dav/files/nrJ3JGPZyZeQMW8/Model%20inputs/nitrogen_spain/_pins.yaml,20260427T085738Z-89b87,public,
manure-west-et-al-2014,https://saco.csic.es/public.php/dav/files/nrJ3JGPZyZeQMW8/Model%20inputs/world/_pins.yaml,20260430T141153Z-82eff,public,
global-dams,https://saco.csic.es/public.php/dav/files/nrJ3JGPZyZeQMW8/Model%20inputs/world/_pins.yaml,20260430T152540Z-9c64c,public,
spatialize-country-areas,https://saco.csic.es/public.php/dav/files/nrJ3JGPZyZeQMW8/Model%20inputs/world/_pins.yaml,20260625T100949Z-0b306,public,
spatialize-crop-patterns,https://saco.csic.es/public.php/dav/files/nrJ3JGPZyZeQMW8/Model%20inputs/world/_pins.yaml,20260825T092111Z-8690d,public,
spatialize-fodder-patterns,https://saco.csic.es/public.php/dav/files/nrJ3JGPZyZeQMW8/Model%20inputs/world/_pins.yaml,20260928T091935Z-a07a9,public,
spatialize-gridded-cropland,https://saco.csic.es/public.php/dav/files/nrJ3JGPZyZeQMW8/Model%20inputs/world/_pins.yaml,20260625T101008Z-ae830,public,
spatialize-country-grid,https://saco.csic.es/public.php/dav/files/nrJ3JGPZyZeQMW8/Model%20inputs/world/_pins.yaml,20260625T101041Z-8ff94,public,
spatialize-type-cropland,https://saco.csic.es/public.php/dav/files/nrJ3JGPZyZeQMW8/Model%20inputs/world/_pins.yaml,20260625T101045Z-4f570,public,
spatialize-multicropping,https://saco.csic.es/public.php/dav/files/nrJ3JGPZyZeQMW8/Model%20inputs/world/_pins.yaml,20260625T101227Z-262bf,public,
spatialize-livestock-country-data,https://saco.csic.es/public.php/dav/files/nrJ3JGPZyZeQMW8/Model%20inputs/world/_pins.yaml,20260914T130729Z-88803,public,
spatialize-gridded-pasture,https://saco.csic.es/public.php/dav/files/nrJ3JGPZyZeQMW8/Model%20inputs/world/_pins.yaml,20260625T101239Z-66a25,public,
spatialize-manure-pattern,https://saco.csic.es/public.php/dav/files/nrJ3JGPZyZeQMW8/Model%20inputs/world/_pins.yaml,20260625T101326Z-bc8de,public,
spatialize-cell-polity-fraction,https://saco.csic.es/public.php/dav/files/nrJ3JGPZyZeQMW8/Model%20inputs/world/_pins.yaml,20260821T095211Z-a4952,public,
lpjml-grass-availability,https://saco.csic.es/public.php/dav/files/nrJ3JGPZyZeQMW8/Model%20inputs/world/_pins.yaml,20260903T061045Z-32e78,public,
lpjml-grass-productivity,https://saco.csic.es/public.php/dav/files/nrJ3JGPZyZeQMW8/Model%20inputs/world/_pins.yaml,20260903T061130Z-3db6b,public,
lpjml-wind-isimip-1901-2019,https://saco.csic.es/public.php/dav/files/nrJ3JGPZyZeQMW8/Model%20inputs/world/_pins.yaml,20260727T153206Z-3d666,public,
lpjml-wind-era5-2017-2023,https://saco.csic.es/public.php/dav/files/nrJ3JGPZyZeQMW8/Model%20inputs/world/_pins.yaml,20260727T153534Z-cdaa4,public,
stock_prod_ygps,https://saco.csic.es/public.php/dav/files/nrJ3JGPZyZeQMW8/Model%20inputs/nitrogen_spain/_pins.yaml,20260428T141215Z-9a171,public,
lpjml-rsds-isimip-1901-2019,https://saco.csic.es/public.php/dav/files/nrJ3JGPZyZeQMW8/Model%20inputs/world/_pins.yaml,20260730T174303Z-21625,public,
lpjml-rsds-era5-2017-2023,https://saco.csic.es/public.php/dav/files/nrJ3JGPZyZeQMW8/Model%20inputs/world/_pins.yaml,20260730T174614Z-6f4fc,public,
lpjml-rlds-isimip-1901-2019,https://saco.csic.es/public.php/dav/files/nrJ3JGPZyZeQMW8/Model%20inputs/world/_pins.yaml,20260730T174434Z-15679,public,
lpjml-rlds-era5-2017-2023,https://saco.csic.es/public.php/dav/files/nrJ3JGPZyZeQMW8/Model%20inputs/world/_pins.yaml,20260730T174638Z-1e7e7,public,
lpjml-grass-natural-net-c,https://saco.csic.es/public.php/dav/files/nrJ3JGPZyZeQMW8/Model%20inputs/world/_pins.yaml,20260904T134731Z-30ee1,public,
lpjml-soc-hydrology,https://saco.csic.es/public.php/dav/files/nrJ3JGPZyZeQMW8/Model%20inputs/world/_pins.yaml,20260903T061246Z-91aa7,public,
historical-land-areas,https://saco.csic.es/public.php/dav/files/nrJ3JGPZyZeQMW8/Model%20inputs/world/_pins.yaml,20260826T154952Z-48539,public,
polycell_support,https://saco.csic.es/public.php/dav/files/nrJ3JGPZyZeQMW8/Model%20inputs/world/_pins.yaml,20260907T111653Z-e654d,public,
polycell_support_subnational,https://saco.csic.es/public.php/dav/files/nrJ3JGPZyZeQMW8/Model%20inputs/world/_pins.yaml,20260930T115111Z-15e25,public,
admin-shares,https://saco.csic.es/public.php/dav/files/nrJ3JGPZyZeQMW8/Model%20inputs/world/_pins.yaml,20260930T115120Z-b9e8b,public,
admin-stats-australia,https://saco.csic.es/public.php/dav/files/nrJ3JGPZyZeQMW8/Model%20inputs/world/_pins.yaml,20260905T111436Z-d8b29,public,
admin-stats-france-livestock,https://saco.csic.es/public.php/dav/files/nrJ3JGPZyZeQMW8/Model%20inputs/world/_pins.yaml,20260905T111436Z-62e9d,public,
admin-stats-japan,https://saco.csic.es/public.php/dav/files/nrJ3JGPZyZeQMW8/Model%20inputs/world/_pins.yaml,20260905T111437Z-dce93,public,
admin-stats-jrc,https://saco.csic.es/public.php/dav/files/nrJ3JGPZyZeQMW8/Model%20inputs/world/_pins.yaml,20260905T111438Z-e671d,public,
admin-stats-latam,https://saco.csic.es/public.php/dav/files/nrJ3JGPZyZeQMW8/Model%20inputs/world/_pins.yaml,20260905T111439Z-a779b,public,
admin-stats-spain-provinces,https://saco.csic.es/public.php/dav/files/nrJ3JGPZyZeQMW8/Model%20inputs/world/_pins.yaml,20260905T111439Z-fcba2,public,
hwsd-texture-class-grid,https://saco.csic.es/public.php/dav/files/nrJ3JGPZyZeQMW8/Model%20inputs/world/_pins.yaml,20260908T221201Z-9507a,public,
hwsd-clay-grid,https://saco.csic.es/public.php/dav/files/nrJ3JGPZyZeQMW8/Model%20inputs/world/_pins.yaml,20260908T221200Z-ebf31,public,
lpjml-crop-regime-yield,https://saco.csic.es/public.php/dav/files/nrJ3JGPZyZeQMW8/Model%20inputs/world/_pins.yaml,20260928T094111Z-dddbb,public,
